filename, 0
images-31-_jpg.rf.fc3cfe355b4474ab1693208b036a8de1.jpg, 1
dxn0xjiwxrvjjdf72xti_jpg.rf.ee339a56baf0c8d10cb8591a35d469ab.jpg, 1
images-28-_jpg.rf.f5d0c7f6712d54ba8b9a713ac2f7e750.jpg, 1
-3004-Aquafina944_jpg.rf.f6f8a1542e3459382afcb3f90628afe3.jpg, 1
images-51-_jpg.rf.ee8f2f3853d723daa1f8134915ebec38.jpg, 1
1_20472_jpg.rf.f7e080dacf27e16f0ca25bb13266e6ab.jpg, 1
images-32-_jpg.rf.f9ed0ef2a2e4d1d76accab3835cd4426.jpg, 1
227372212289566_jpg.rf.ffa6e52d6ea8080ac1adb007d2886fc3.jpg, 1
food-and-drinks-macro-objects-can_jpg.rf.e82271024cdf1c2ae2df90050413a026.jpg, 1
FOTO-Articulo-2-Las-mejores-latas-de-agua-_jpg.rf.ff6b96eb0a82647e49c5e24b5f7d402e.jpg, 1
images-21-_jpg.rf.ea33ee3d15f7ed76d31d8d254adf6db8.jpg, 1
motala-suecia-8-de-agosto-de-2012-una-jarra-de-coca-cola-en-la-arena-2e6t4b7_jpg.rf.eff9fc07724a18395411b058fd273462.jpg, 1
lata-refresco-verde-aluminio-sobre-fondo-verde-diseno_167862-3521_jpg.rf.f2c3941ee5117588463fddaeef840485.jpg, 1
Drinking_can_ring-pull_tab_jpg.rf.f71243b7ae89bcfd9fcafc99074ee6fc.jpg, 1
refrescos-bebidas-nutricion_519460034_159541023_1706x960_jpg.rf.fb6de874aef1acb4e9fa721b041d893b.jpg, 1
07501061669289-2_jpg.rf.f22b868bfe23b4ff7a3a720daf73449e.jpg, 1
images-17-_jpg.rf.033bf895f5853eb5dc9a4adcc44cce14.jpg, 1
ksk-azul-lata-768x768_jpg.rf.07a30673600a0c08e341320b49358206.jpg, 1
29653360-close-up-abrio-lata-de-refresco-de-la-vista-superior_jpg.rf.13be22c904fc57ed60866b51594d0603.jpg, 1
REFRESCO_SPRITE_LATA_c1008e43-9c4e-4305-9300-60e53dffa5da_600x_jpg.rf.030f74245c14be97bf1f6b702415f3aa.jpg, 1
images-57-_jpg.rf.0903e45e7b776ede0d7c058483e10401.jpg, 1
XX_Lager_Lat_160Oz_1200x1200_jpg.rf.03d47c1e959322397a447ad8e90b6a4e.jpg, 1
imagen-de-una-lata-de-refresco-abierta-mostrando-su-contenido-768x565_jpg.rf.116997c85ef3951f49af5734492cdeff.jpg, 1
lata-vacia-de-cerveza-lager-descartados-en-el-desierto-bmh6w7-1-_jpg.rf.08b4cbef0eb0ae12685b44a713506f42.jpg, 1
pngtree-top-of-a-drinks-can-pull-container-refreshment-photo-picture-image_4108722_jpg.rf.052e0f60cc927799156cb9b528397f2f.jpg, 1
images-5-_jpg.rf.056697ee1169d0cb61bd1a7f2c08fd92.jpg, 1
12662039-vista-superior-de-una-lata-sin-abrir-las-bebidas-de-mas-de-blanco_jpg.rf.0845bc0879732e784a0edd4518686cc7.jpg, 1
latas-individuales-killsed_jpg.rf.155777b687d7cf16a47bda462bf08d0f.jpg, 1
latas-de-bebidas-energeticas-dnprwx_jpg.rf.11215e8cd19715b9cf1432b614b19bca.jpg, 1
SSE_LCA_clasicos_lataSleek33cl_NaranjaZeroAzucares_2022-1_png.rf.03941ab5056b2bad433bc1d8d50d0b68.jpg, 1
front-view-energy-drink-in-can-on-blue-drink-alcohol-darkness-1-1200x800_jpg.rf.0be384a661ff99f28d9cf9b82ec76ea2.jpg, 1
450_1000_jpg.rf.002eadc267f690ba1df851bd4b352fe9.jpg, 1
7501064194139_00_jpg.rf.16ae897f2f0a27938970ee70b9273cbf.jpg, 1
lata-de-coca-cola-vacia-se-lavan-en-la-playa-d51ccy-1-_jpg.rf.1105894d89005b02d5f340cf12d8123e.jpg, 1
s-l640_jpg.rf.12509ac1bc21970d1c276d30f48c40fd.jpg, 1
pngtree-realistic-cans-white-with-water-drops-for-mock-up-soda-can-png-image_13008424_png.rf.0d3d0b3ac76371f938adebc424ffb96d.jpg, 1
lata-de-metal-para-bebidas-color-naranja-anaranjadas-con-gotas-condensacion-en-fondo-azul-d-renderizado-232584056_jpg.rf.08f30faaec1c3a87ade22f56e3be1fbd.jpg, 1
PERRIER-LATA_png.rf.165ab7ee1f844b4e1f494cc1cf3bf75a.jpg, 1
images-36-_jpg.rf.17b3111d900130c346557a5246a7492d.jpg, 1
se-puede-beber-con-vista-desde-la-parte-superior-verde-abierto-soda-latas-de-aluminio-contenedor-metalico-brillante-cerveza-cerca-w7ggr5_jpg.rf.183d9985fa2559d538213f46ff69edbc.jpg, 1
00750619250734L_jpg.rf.19c16cce95d825cdf29e9cb8a86b823e.jpg, 1
l2kxc3ty_jpg.rf.1c91e2164188fcc409b3cd827d41c890.jpg, 1
images-61-_jpg.rf.1f299d335b09de674eb880db17c42d11.jpg, 1
images-20-_jpg.rf.1d967c29ee98973969fcfa9588d8ab91.jpg, 1
0750106419450L_700x700_jpg.rf.1e759e6ba421e5107dc813ca7b84237e.jpg, 1
latas-de-bebidas-energeticas-sobre-fondo-blanco-en-239051366_jpg.rf.21a3d96d824f2ea6be844f8028224e24.jpg, 1
images-23-_jpg.rf.1a79a73f44469d32a373622d9c9d7739.jpg, 1
images-13-_jpg.rf.1b6c139ec0013c7891b43748cf78b5ea.jpg, 1
Gaseosa-Orange-Crush-Naranja-Lata-355Ml-1-26926_jpg.rf.19fc5edac1941823b57cb9eae7a4eaa7.jpg, 1
images-39-_jpg.rf.2391b0db00a8f746633fbc5d18ecb288.jpg, 1
00750106419496L_jpg.rf.180be457359794859a8b0323eff592e3.jpg, 1
vecor-mockup-of-aluminium-can-for-soda-or-beer-free-vector_jpg.rf.275dd3db073731e57b1a05b13e6375b9.jpg, 1
1649705419_archive_latas_de_cerveza_jpeg.rf.19ad1bb27cab4da0ecfdeb7765fdb619.jpg, 1
tapa-de-la-poder-de-cerveza-en-un-fondo-verde-22878644_jpg.rf.1c3c479aa71c5a9208459b912758eb74.jpg, 1
00750119835379L2_jpg.rf.1c4dcd094f772f180eec5fdd19eee72c.jpg, 1
7501049999360_00_jpg.rf.275797bdb1dd5bdb999aee93b5b28e97.jpg, 1
imagen-de-latas-de-cerveza-de-aluminio-verde-en-una-fila-2c4excg_jpg.rf.19ce26549bf0141258337501debb1bac.jpg, 1
images-37-_jpg.rf.2941b89936bad5076329dee8e5677ed0.jpg, 1
latas-de-aluminio-verde-f3yb7g_jpg.rf.2162eee92bdd3c4e5a0bec3e22ce1233.jpg, 1
106599945-latas-de-refresco-grandes-y-pequenas-negras-y-moradas-en-dos-crudos-sobre-fondo-blanco-maqueta-de_jpg.rf.2da1ac320fe2b857d4dc5ec8e7aa7c00.jpg, 1
61ndrAcPbvL_jpg.rf.239fa737831ab66b72f3d4bec3f42b03.jpg, 1
images-15-_jpg.rf.1d3645686da1fa32d78fa45c9d3f4c88.jpg, 1
7501073844162_caja_jpg.rf.248dc0f4b4b0e9bbb3a02234a96139f5.jpg, 1
00019836500301-1_jpg.rf.2e4ce09444e91423bf78fb46bf07da93.jpg, 1
depositphotos_583233382-stock-photo-green-aluminum-cans-water-droplets_jpg.rf.2e16f23b2c7cb0d78f16f61cae816dcd.jpg, 1
latas-de-refresco-azul-reciclaje-primer-plano-latas-de-soda-con-lengueta-abierta-y-condensacion-o-gotas-de-agua-sobre-fondo-de-marmol-gris-2aw4gxy_jpg.rf.281be559fd0b7255bf1ded08be8c4a62.jpg, 1
51H06ZQf-yL_jpg.rf.2d56c7c7fad64bd5bfa436b018b03e8c.jpg, 1
lata-morada-276x300_png.rf.30b5bfae16cad61032f36ac9732b1dc2.jpg, 1
images-59-_jpg.rf.27899dc714969974736d22eb62d9470e.jpg, 1
top-view-of-a-opened-soft-drink-can-the-opened-cans-of-soft-drinks-are-made-of-aluminum-and-have-light-on-the-shiny-surface-on-isolate-photo_jpg.rf.39391ace4e837fda07bbb8b3c9ed21b2.jpg, 1
macro-shot-de-las-cimas-de-un-monton-de-latas-de-aluminio-con-abrio-uno-c36p0e_jpg.rf.34de85cf47498909acbdcfd322470769.jpg, 1
ilustracion-vectorial-de-latas-de-bebida-energetica-brillante-en-color-azul-y-purpura-aislado-sobre-fondo-blanco-hx3my3_jpg.rf.30b4367d7ab35943df0c3fb9d7f8c2a0.jpg, 1
images-24-_jpg.rf.32e0d7002ea36ccbbe4def89d8c4f3d2.jpg, 1
stock-photo-closeup-macro-of-an-open-soda-can-or-tin-1997410334_jpg.rf.35c31bb82fff0f02309c264c7c6c6844.jpg, 1
una-lata-de-cerveza-de-color-amarillo-con-fondo-blanco-cerm64_jpg.rf.2feef8c2c8205315d30b980c94814989.jpg, 1
24109_Bebida_Boing_con_Pulpa_de_Fresa_Lata_340ml_19836500011_3_jpg.rf.2bdf08308e6844ca46b8752a9deb80d1.jpg, 1
latas-cerveza-3074546_jpg.rf.34e669f0d930f7f70f39a1746d0a2335.jpg, 1
NATURAL_front_png.rf.32c00ee340ddabfd136376884ffcdd70.jpg, 1
images-18-_jpg.rf.3ada1126c00a854f601e98e02e85665c.jpg, 1
puede-coque-basura-camada-bebidas-pueden-hkr1pa_jpg.rf.3cca4aec87e3a92055fedcf785c12daf.jpg, 1
images-58-_jpg.rf.3756311db101061fbcd6341fc8b9cd64.jpg, 1
images-54-_jpg.rf.3f1171e56445a890f2a9c25fc32ca1f0.jpg, 1
mucho-de-latas-de-bebida-azul-cerrar-f3xp43_jpg.rf.361012fb0abbd2851ec8ee3ae3da7b2a.jpg, 1
stella-artois-cerveza-473ml-hero-x241-480d30c26bba3b528716660323776476-1024-1024_jpg.rf.3e232240f4faec435515fd94495348f4.jpg, 1
1404_jpg.rf.3a8ff672b4597d3d133d192cc2818310.jpg, 1
images-25-_jpg.rf.45fea4a8f1deec32f1799bde2f56631b.jpg, 1
lata-amarilla-a8fbxp_jpg.rf.3fee49673e92e09a5ad2aff959694abc.jpg, 1
images-29-_jpg.rf.3e2f5850f1fa05f122fafdeee789ad21.jpg, 1
lata-refresco-aluminio-vista-superior-envasado-bebidas_273196-279_jpg.rf.1f31ad968307b64c161577a390abc189.jpg, 1
images-6-_jpg.rf.4333d87f90737122460847b0dadc25c1.jpg, 1
soda-can-drink-free-vector_jpg.rf.3d8a7ffbe406414e7afcaa2f60a76278.jpg, 1
images-43-_jpg.rf.49886ac4ced10239e0953fdcde198649.jpg, 1
7501055361540_jpg.rf.44fb64063f85236385aadb8b8855e372.jpg, 1
latas-de-bebidas-energeticas-aislado-sobre-un-fondo-blanco-studio-cb6cnx_jpg.rf.44d441eb708847c48af167c0c899645d.jpg, 1
latas-de-aluminio-anaranjadas-con-gotitas-agua-sobre-un-fondo-naranja-para-diseno-250896042_jpg.rf.5048da9f1b7d9997e55f44226b990177.jpg, 1
png-transparent-aluminum-can-energy-drink-fizzy-drinks-tin-can-energy-aluminium-tin-soft-drink_png.rf.4a1a4fb8935e3d3ab8f40fa92b9f0465.jpg, 1
48930745-par-de-azul-latas-de-bebidas-energeticas-con-el-logotipo-de-la-energia-100-vibrante-aislado-contra_jpg.rf.4d9a8f690aa70b3b7990fabfd59bb46d.jpg, 1
106599735-maqueta-de-dos-pequenas-latas-de-refresco-de-aluminio-negro-y-morado-sobre-fondo-blanco-envase-de_jpg.rf.4653f22e85e6c70bdabd5251651df755.jpg, 1
images-12-_jpg.rf.47066fd08aceef89f9bb1c5f9dd96e31.jpg, 1
heineken-lager-latas-vacias-tirado-rerx9m_jpg.rf.5126ae79311545ba9d106a956e2e93cd.jpg, 1
gratis-png-ejemplo-de-lata-de-bebida-pepsi-refresco-de-lata-de-aluminio-thumbnail_png.rf.52912d9cd3b067f73783beab7384a1eb.jpg, 1
images-11-_jpg.rf.45fc4bbb197b6ced721087dcbc216edb.jpg, 1
pngtree-some-orange-cans-of-drink-on-top-of-a-black-square-picture-image_2763966_jpg.rf.4debc6040d70bea4b9dcf7f8adfb7a45.jpg, 1
el-coque-por-el-mar-s009dj_jpg.rf.52abca3264e1d7caad3db1c92546b476.jpg, 1
eneryeti-exotic-ec_jpg.rf.5460111b9d3e18df2db1f3e106896c99.jpg, 1
7501055365494_00_jpg.rf.5dd3afa3d9e07880068a08e6c42d6729.jpg, 1
lata-cerveza-color-azul-aislada-sobre-fondo-blanco_1028714-108_jpg.rf.53a854b5968de252b0fb1bd27b1e2ea7.jpg, 1
new_hein_cans_tbd_3_jpg.rf.5556937f11ad47ecc4d5e4f3f2fe117e.jpg, 1
png-clipart-fizzy-drinks-aluminum-can-sprite-pizza-tin-can-bibite-food-aluminum-can_png.rf.506cba336a77debe910e071e535a37eb.jpg, 1
074780162340_jpg.rf.5bea1064bb0eba94c34f6f4f27f0af9b.jpg, 1
00750103504625L_jpg.rf.55eebb9e365e8d526d4b75654c6749cd.jpg, 1
latas-de-bebidas-dulces-o-cerveza-refrigeracion-y-congelados-con-gotas-de-agua-e8rgpe_jpg.rf.5a8b041a74057087ee7971cf28b1ab42.jpg, 1
66001732-varias-latas-de-aluminio-de-color-azul-el-enfoque-superficial-refrescos-o-produccion-de-cerveza_jpg.rf.59f8fd33749770b969b5c7c168720923.jpg, 1
s-l640-1-_jpg.rf.5906c89d2e1b97dbedab25a1bc99a624.jpg, 1
images-48-_jpg.rf.5ad1f77b04629ce1bfa1bbb9ab95a389.jpg, 1
NEA-agua-mineral-lata_jpg.rf.5c3f37a1d3dbb1e37acd45c45800992a.jpg, 1
images-46-_jpg.rf.57e569854b0786bc7c589be369bc69c4.jpg, 1
17227538-grupo-de-varias-marcas-de-bebidas-gaseosas-en-latas-de-aluminio-aislados-en-blanco-con-saturacion_jpg.rf.53f7607eccc0cbcc5b5ec38fecf50fee.jpg, 1
top-red-open-soda-can-260nw-345525785_jpg.rf.601c87a680a00352f7d4daa4ddee9766.jpg, 1
images-4-_jpg.rf.664ce2863724749afd80599212520cc1.jpg, 1
images-19-_jpg.rf.5e4c3ae8799238ac19a6b86901ec2793.jpg, 1
images-65-_jpg.rf.663a81f08f182784c222245c33736fe7.jpg, 1
WP_MORAS_24_1000x_png.rf.6dc7c47a0afcdc1129bbd670bb969b11.jpg, 1
latas-abiertas-de-soda-latas-de-pop-latas-de-aluminio-latas-de-aluminio-ee-uu-2f76fjh_jpg.rf.6f6f6dcbddb03956e8764e5301991c6e.jpg, 1
images-1-_png.rf.6ca080dac978ca6da694a8575e612e52.jpg, 1
pngtree-top-of-beer-can-with-condensation-water-droplets-isolated-photo-image_35743980_jpg.rf.6dca18022e3862289736008a87cf5882.jpg, 1
images-14-_jpg.rf.61711022c606eb0368446872650f0ae5.jpg, 1
images-47-_jpg.rf.65011d796de0f7e7ac5c4a0b4ee7c4b3.jpg, 1
images-22-_jpg.rf.66a0ceb424271561aa4792a2a85b2a15.jpg, 1
155_63fbb522a1122_jpg.rf.7280451261057be1073caa87f22c8e39.jpg, 1
Latas-de-bebidas_jpg.rf.65ce82f6b91248a61d152bd661076e98.jpg, 1
purpura-500ml-y-lata-de-aluminio-aislado-sobre-fondo-blanco-con-trayecto-de-recorte-2r46xhg_jpg.rf.5efa6b9b6c8d3181622606d4b19f5c9b.jpg, 1
frambuesa-azul-prime-energy_jpg.rf.71727851df682a936d8e3e1527864ae8.jpg, 1
metal-latas-refresco-1_jpg.rf.767e71402c4a48df3f42f3f7b2df1130.jpg, 1
images-55-_jpg.rf.742f04d19da2e14a442791124d4d5cac.jpg, 1
Nectar-Naturas-Manzana-Lata-330Ml-1-2765_jpg.rf.70f9099a2df52a0d7ee1e5e29c2a233e.jpg, 1
latas-de-bebida-azules-9136876_jpg.rf.77b4111cf29fcd5eef55edafb2f60fff.jpg, 1
-2427-cocacolaenelmetaverso-marketers_jpg.rf.7618a48b596805858a44003d8d6862db.jpg, 1
latas-de-aluminio-plata-diferentes-tamanos-para-bebidas-frias-refresco-cerveza-bebida-energetica-jugo-cola-o-limonada-aislado-218903409_jpg.rf.7c375e077d69413926862d793c0af006.jpg, 1
images-50-_jpg.rf.71b01cbf2a6397e800aac8dfc0a68fde.jpg, 1
images_png.rf.7f513c69c2d5cc5ba03d0e72f65768a2.jpg, 1
one-opened-soda-can-amongst-260nw-74731732_jpg.rf.7db7109fc23b3e43b9f00b64f23c7d37.jpg, 1
png-clipart-fizzy-drinks-aluminum-can-sprite-coca-cola-jarritos-sprite-recycling-waste_png.rf.792d702dd68db8fba61bc3a573c99bbf.jpg, 1
images-9-_jpg.rf.754ae0235e6c29ffedf0d72004ea78d9.jpg, 1
250ml-cans-Electrolyte-Coconut-water-with-guava-juice_jpg.rf.84f21e1e502f46373a51b050fa08ef97.jpg, 1
Min_Fanta_Naranja_png.rf.7e6be5bc6c8093b8d9a58d7a79e0c270.jpg, 1
613008738846_jpg.rf.7b83b2e30b6ee4b17d92c8b73658e717.jpg, 1
116764247588894_jpg.rf.827da5244a82e3c1e84ea237221d47c9.jpg, 1
lata-aluminio-refresco-o-cerveza_107791-4594_jpg.rf.5ed3f7d45ca1caf27fb14fe9602a6d83.jpg, 1
una-toma-selectiva-de-muchas-latas-azules-de-bebidas-gaseosas-2jkkx6a_jpg.rf.81ce55665ac57c78ca78f5e6db65a652.jpg, 1
images-33-_jpg.rf.7836dafe9b058bf76f6b929838b2f420.jpg, 1
images-38-_jpg.rf.85e5f39e2771f2d3faa332a78a08a0d1.jpg, 1
images-70-_jpg.rf.7fd0a790fdf53bf032c706d22d64347d.jpg, 1
7501049928742_jpg.rf.856b91412f5702c6fb49c59083ee17af.jpg, 1
lata-aluminio-soda-cola-abierta_263357-2878_jpg.rf.832212a193e68fb6a66bbd758c6ef27c.jpg, 1
png-transparent-two-pepsi-soda-cans-fizzy-drinks-pepsi-max-pepsi-blue-cola-pepsi-box-bottles-food-grocery-store-electric-blue_png.rf.8320ecd5829df3ec8d0bb53976fbbf4d.jpg, 1
m6nUUD3ep0Zi4odc_jpg.rf.86682bdc528ac5470a612e8672a14250.jpg, 1
iStock-1425805595_jpg.rf.8f5612525f25066bcd489bb62151eb74.jpg, 1
69959948-europa-viaje-bebidas-1-_jpg.rf.70a35dc8562d9ccfdfd2fc6bda6b77d3.jpg, 1
gratis-png-bebidas-gaseosas-coca-cola-bebida-lata-cerveza-latas-de-coca-cola_png.rf.904bd9c39af2024d30f69adb78c6aaf5.jpg, 1
latas-de-aluminio-1_jpg.rf.8e065498afd82886b2759e08f448b371.jpg, 1
images-64-_jpg.rf.98b16058079edd6b943408f3722f110d.jpg, 1
images-63-_jpg.rf.9836990e1e88b04f0c34a255f7c3f1a4.jpg, 1
images-3-_jpg.rf.8eebfc8663646075b53a3c9584c70c72.jpg, 1
images-45-_jpg.rf.9540b31ccbe1a0e01acba791c237dedd.jpg, 1
1_jpg.rf.8d32fa72a2b8462256a63b6c46b4dde5.jpg, 1
1117600153_jpg.rf.8cf063f60777384b66d2b662602dba7d.jpg, 1
images-62-_jpg.rf.912cc64d46834d5f0fb50322e01a39d5.jpg, 1
116764247818270_jpg.rf.8ae42b4241d20b4ec3739c166a061627.jpg, 1
images-69-_jpg.rf.8e9947486f4ed5248018deee9de6b696.jpg, 1
62816072761374_jpg.rf.9198e562d2ce48a29c0048f03b427a7a.jpg, 1
203320939-lata-de-aluminio-de-metal-abierta-con-bebida-gaseosa-de-cerca-sobre-fondo-claro-con-espacio-de-copia_jpg.rf.9db7af455042fd3ad7dc6e0ee36edfb1.jpg, 1
0005096_refresco-sprite-lata-355-mll_510_jpg.rf.91242cd7943fc558a385d228fb125210.jpg, 1
images-44-_jpg.rf.997fdf062dd0725485655825878a09b8.jpg, 1
Smirnoff-Ice-Naranja-Lata-350Ml-1-3506_jpg.rf.897b5399d9d1551999b2a39a586964c3.jpg, 1
images-67-_jpg.rf.85c2379c04317c8184384a076c10b868.jpg, 1
imagen-61d2bb2c9bb1405cd97c78534b4df661d659c_1-3369459_20221008185700_jpg.rf.9ca9be386146841f9164440e0f67e307.jpg, 1
images-16-_jpg.rf.9cb5b2d225fabc6d26b2c59ad3ef9648.jpg, 1
24106_Bebida_Boing_con_Pulpa_de_Mango_Lata_340ml_19836500028_3_jpg.rf.9eb100c5f28378f74ece494c37665991.jpg, 1
images-49-_jpg.rf.9d53e433349dac40c8f7a30c428c9851.jpg, 1
lata-refresco-abieta_98_jpg.rf.91725e85412cdeaa9b618da43a429123.jpg, 1
images-30-_jpg.rf.aa3e16dd06841fbae53458d1ce946f1c.jpg, 1
metal-latas-refresco-2-1024x682_png.rf.abc14ecb01842bc51c30ab349b5ed8c2.jpg, 1
lata-de-cerveza-vacias-descartadas-en-el-pasto-pdxaxc_jpg.rf.8fd0a6141b7ded47794c80cf8cb8ee59.jpg, 1
0750106419683L_700x700_jpg.rf.a119eb3e0acd620aed628bf78e9070aa.jpg, 1
png-transparent-red-and-gray-can-carbonated-water-dear-coca-cola-aluminum-can-online-chat-soda-miscellaneous-aluminium-maroon-5_png.rf.a1df025faf640109969c87be716997f7.jpg, 1
G03_jpg.rf.aab9f3c0afbfe1136c54dbd88bcbe95d.jpg, 1
00075810400739L_jpg.rf.a4899ce2b3ba4d6fc0bd6390d7b62070.jpg, 1
images-42-_jpg.rf.a6e96cb597054ceca75664d4482c4349.jpg, 1
lata-aceite-contenedor-amarillo-1400x700_jpg.rf.a443396083518b4ae5bb47b6afa2c67e.jpg, 1
realistic-blue-aluminum-can-vector_jpg.rf.ab9a67cad14cf0d2a16a386c48a31052.jpg, 1
00750102201431L_jpg.rf.a456617c868d5f12d46915d6fa8c65b7.jpg, 1
images-35-_jpg.rf.ae54734367c96ad220b0f15860b2820b.jpg, 1
5f0e5fe71721854af7ff0cb3_refresco-agua-mineral-peafiel-lata-355-ml_png.rf.b089bd93830cf9c7b4e56ff6e0077ccb.jpg, 1
lata-amarilla-de-soda-fresca-sobre-fondo-blanco-2r629kg_jpg.rf.a00216ef1f43f6ba09c92835e47e060a.jpg, 1
phuketthailand-september-142020-coke-most-600nw-1814697647_jpg.rf.afaa213c058c79d3d433fac681825128.jpg, 1
png-transparent-fizzy-drinks-coca-cola-beer-sprite-beverage-can-can-purple-violet-lid_png.rf.a39960878d8eee8ace6ff5d9839ec56e.jpg, 1
7501013118117-20211004-173055_jpg.rf.b9729bea49b4f7d2150b70f58e242983.jpg, 1
images-26-_jpg.rf.b44f30f3ee6ca27653a84ee945e3934c.jpg, 1
png-transparent-energy-drink-red-bull-functional-beverage-beverage-can-energy-drink-food-silver-arrows-aluminum-can_png.rf.ac7ece0ec40e9e5197e737630052c946.jpg, 1
una-vista-superior-directo-de-la-parte-superior-de-una-lata-de-aluminio-se-puede-beber-en-una-aislada-white-studio-ek46p7_jpg.rf.b6704895480b4ca5cdb74f8906db0b76.jpg, 1
1636287040669_jpg.rf.acbd07ec5dd5d9c5fe8ae9d88369feaf.jpg, 1
imagen-de-una-lata-de-refresco-abierta-mostrando-su-contenido_jpg.rf.b73d78ffe960a20386c06be3eb2b4364.jpg, 1
Pacifico_Lata_Clara_355_1000x_png.rf.b40d9cf9bb486e49fd2336e93cd679f9.jpg, 1
0613008738884_eb513cab-c004-428c-8f87-67b3025e0f65_png.rf.ad8100abd0ca69f6ba2b03334240ef4b.jpg, 1
latas-refresco_jpg.rf.bb5bc5636f26f121c5a42932f388644b.jpg, 1
images-52-_jpg.rf.b4fcfa112ed435c8a4da098bf0fe7499.jpg, 1
latas-de-aluminio-azules-con-el-espacio-en-blanco-de-la-copia-41122654_jpg.rf.9e9e8d4b01fff18f4fffca921dca354a.jpg, 1
images-27-_jpg.rf.b4344cfb232f49581144e8f86fe0f3a9.jpg, 1
12635228-la-parte-superior-de-las-latas-de-cerveza-close-up-view_jpg.rf.bb3bb70f76fe71d723048cf9e3c34239.jpg, 1
pngtree-top-of-a-drinking-can-canned-metallic-object-photo-image_2896473_jpg.rf.bd7acefe4e84032ed266475de0e0468a.jpg, 1
images-34-_jpg.rf.b7dceab1662cda8af436e2e5d18f5244.jpg, 1
el-origen-de-las-latas_jpg.rf.af6ff7f41d08e993dcc3543949801684.jpg, 1
descarga-2-_jpg.rf.bf11e8ede22b0cedb1f66b96e3347605.jpg, 1
Heineken4x6Lat160OZ_1200x1200_jpg.rf.be440749d488ee840e54463d647ecaa7.jpg, 1
images-56-_jpg.rf.bf9fdceb316a2b7c8dab5e117edc66c5.jpg, 1
40702722-latas-de-cerveza-vacias-despues-de-una-fiesta_jpg.rf.c038ddd2e41fa5a416445e6c6933052d.jpg, 1
images-1-_jpg.rf.bfdc52b5496e806cd62988315fea3353.jpg, 1
00118631901453____3__600x600_jpg.rf.bff6453a298d81c91485f0d9160af696.jpg, 1
0001272_cerveza-corona-light-lata-473-mll_510_jpg.rf.b6a745d65c478ead0bbd4047403330b7.jpg, 1
images-60-_jpg.rf.c0ec6b1ca9ebafabbb7b5746e2395691.jpg, 1
pngtree-energy-drink-can-design-picture-image_7869151_png.rf.bf7e48dd8b95085e3f89609e456e8074.jpg, 1
metal-plateado-latas-de-bebidas-energeticas-en-el-color-azul-de-fondo-de-textura-vista-superior-2a8dwtb_jpg.rf.be89918052039646ae51a8c975e20ded.jpg, 1
images-41-_jpg.rf.c3030690ae66e1371768cf8e1c48ab9d.jpg, 1
142094285-la-haya-holanda-09-06-2019-lata-de-7up-nuevo-libre-de-la-playa_jpg.rf.c01e7720b97e3e3f9d582238562ce930.jpg, 1
riminirivazzurrait-may-182014coca-cola-can-600nw-193466957_jpg.rf.c4a5a8f78674e9d8b9bcf8389cc15146.jpg, 1
dos-latas-de-bebida-deportiva-de-estimulacion-de-energia-kx-c6p0nw_jpg.rf.ccbaf482392c21ec48b6f02ecca0db19.jpg, 1
descarga-1-_jpg.rf.bf2e8b146771515bb184249a2df65454.jpg, 1
7501064199615_jpg.rf.bd51156e2344f146d8af6052eb400175.jpg, 1
images-2-_jpg.rf.cd154d6ba3973bd4f9666c6ed97824c9.jpg, 1
12ozcan800px4_2_png.rf.c06fcf7e0ef0dd4be2d178fe8409b777.jpg, 1
WP_MORAS_LATA_B_1000x_png.rf.c33db3045338a7cade8dfbcabc0bbe60.jpg, 1
pngtree-sleek-aluminum-and-glamorous-gold-bottle-for-food-and-beverage-or-picture-image_5580819_jpg.rf.d68e5b3b532e1a5ee982c367ac66b6c3.jpg, 1
116764247457822_jpg.rf.bf66ad25a8206bb9c94c271645f37157.jpg, 1
7501061696988_A_jpg.rf.ce5162f9edf658c786afe69f2614d0c1.jpg, 1
images-66-_jpg.rf.ca42e1b358770593d5154a8fff9702e5.jpg, 1
01_jpg.rf.dabbd9ac5f25f6c2702f14e23dac64aa.jpg, 1
images_jpg.rf.d9a90d4aba5e45a5cf823b415981a75a.jpg, 1
lata_slvdr_blanco1-75fa471164c7aeb7b416193038839200-1024-1024_png.rf.d70a14c768a0a0f157d5790920ca08ff.jpg, 1
PENAFIEL-AGUA-MINERAL-LATA-355-ml_jpg.rf.ce0c3e50350886bcc6432f601a26ea3b.jpg, 1
lata-refresco-amarilla-aislada_78895-1591_jpg.rf.d83a8d62c344875825ec03cbcf7ab1bf.jpg, 1
00750103248559L_jpg.rf.d4c030799b0ead8efee557478db43a7d.jpg, 1
43512878-basura-una-lata-de-cerveza-vacia-en-la-arena-en-la-orilla-del-rio-1-_jpg.rf.d7407cdce57328fcc263dbcdc7cd4383.jpg, 1
images-10-_jpg.rf.de5227839eabf124ca25ce26a1ff5b8d.jpg, 1
muchas-latas-vacias-mucha-soda-abierta-refresco-limonada-cola-cerveza-o-envases-de-bebidas-la-energia-concepto-del-reciclaje-144078010_jpg.rf.d79caf5fef7e15975375559338cf2474.jpg, 1
30_0b967949-4a80-4461-a85f-e50249f95039_png.rf.dada3a3675c6e39f0661c7c8b7b9640c.jpg, 1
images-53-_jpg.rf.df897d65d155639b1aede23d1238757b.jpg, 1
image_jpg.rf.dba1df210588986f1f4248de54cf43b3.jpg, 1
pexels-breakingpic-3008_3a90_jpg.rf.d15b00865005bf7d4fe87d1b224f20ca.jpg, 1
00750106412026L2_jpg.rf.dab8798feea60eba5fdc06b07310dff5.jpg, 1
00750105536564L_jpg.rf.e1e7364eab57d7cbadfbfbde884b2a9a.jpg, 1
mejores-cervezas-supermercado-mahou-clasica-1628761855_jpeg.rf.dfbb060f89877d81853b1ef716f4e845.jpg, 1
agua-mineral_jpg.rf.e5907055067d7f6f27e6eacdd662eac3.jpg, 1
images-8-_jpg.rf.e51b7a2345b26f2bfa046c65cb9e0a4e.jpg, 1
images-7-_jpg.rf.e29b97b821e7ab4183411feb3a4f4dd0.jpg, 1
images-40-_jpg.rf.db285c3d115193323a30fd6abef9403c.jpg, 1
descarga_jpg.rf.e499e81011ab05603c18977e6373958c.jpg, 1
vista-superior-de-muchas-latas-aluminio-abiertas-multicolores-cerveza-o-refresco-una-por-encima-201641643_jpg.rf.e077d65c6b2f4b712f4f31202b9979ce.jpg, 1
latas-de-aluminio-de-la-bebida-una-con-gotas-de-agua-sobre-fondo-blanco-2px7jec_jpg.rf.e7733629c428d775b7c4246f07625681.jpg, 1
images-68-_jpg.rf.e6cd31de52b56d1838ee686f15abda53.jpg, 1
fanta-uva-12-latas-de-355ml_jpg.rf.e3cb567f7dc03c6bed9937c9b98f9f46.jpg, 1